t,x,y,yaw
0.0,-0.0187,-0.0223,-0.0
4.02,0.0531,-0.0145,0.1193
4.06,0.1032,-0.0084,0.1318
4.16,0.0639,-0.01,0.0836
4.3,0.0447,-0.0176,0.0784
4.5,0.1011,-0.0008,0.1444
4.56,0.1413,0.0053,0.251
4.6,0.1675,0.019,0.3429
4.72,0.125,0.0098,0.3329
4.92,0.1705,0.0199,0.2575
5.02,0.2541,0.0598,0.3989
5.16,0.2327,0.064,0.4304
5.26,0.2096,0.0521,0.3933
5.5,0.2407,0.0586,0.3788
5.56,0.2738,0.0702,0.2892
5.6,0.2973,0.0803,0.2235
5.62,0.3319,0.0719,0.1623
5.7,0.4206,0.0395,-0.019
5.8,0.6707,0.1014,0.0018
5.82,0.6434,0.0994,-0.0125
5.9,0.5044,0.0912,0.1121
6.0,0.562,0.0992,0.1375
6.1,0.5781,0.1126,0.1312
6.4,0.6207,0.1121,0.1454
6.42,0.6756,0.1197,0.1456
6.5,0.7117,0.1195,0.1108
6.52,0.7433,0.1176,0.0925
6.6,0.7705,0.1112,-0.0575
6.62,0.7867,0.0977,-0.0968
6.7,0.816,0.0973,-0.1591
6.82,0.786,0.1029,-0.0804
7.4,0.8191,0.1175,0.005
7.44,0.8935,0.1233,0.0493
7.6,0.771,0.1181,0.0799
7.66,0.8017,0.1151,0.0456
7.76,0.8233,0.113,0.0442
8.02,0.9412,0.1184,0.0447
8.1,0.9687,0.1195,0.0461
8.26,0.9282,0.1212,0.047
8.96,1.0338,0.1395,0.1329
9.0,1.0868,0.1528,0.1417
9.06,0.9984,0.135,0.1066
9.26,0.9743,0.1297,0.1039
9.6,1.0238,0.1249,0.0198
9.66,1.0619,0.1247,0.0003
9.76,1.017,0.1261,0.0355
10.1,1.0794,0.1278,0.0382
10.16,1.1293,0.1292,0.0382
10.2,1.1704,0.1318,0.0402
10.3,1.2223,0.1337,0.0391
10.4,1.2681,0.135,0.0369
10.5,1.3264,0.137,0.0378
10.6,1.3722,0.138,0.038
10.7,1.4233,0.1452,0.0414
10.8,1.4734,0.1445,0.0395
10.9,1.5279,0.1457,0.0377
11.0,1.5755,0.1406,-0.0408
11.1,1.6241,0.13,-0.1055
11.2,1.6732,0.131,-0.051
11.3,1.7236,0.1291,-0.0382
11.32,1.7441,0.1281,-0.0382
11.42,1.7961,0.1272,-0.0383
11.52,1.8461,0.1272,-0.0377
11.72,1.8024,0.1251,-0.0383
12.02,1.8285,0.1278,-0.0148
12.06,1.8654,0.1312,0.0382
12.12,1.9805,0.1542,0.1275
12.16,1.9502,0.1476,0.1867
12.22,2.0058,0.1963,0.3253
12.32,2.0399,0.2522,0.4572
12.36,2.0341,0.2316,0.4207
12.42,2.0812,0.2608,0.547
12.52,2.1062,0.3094,0.6471
12.62,2.1452,0.3324,0.7407
12.72,2.1666,0.3858,0.8398
12.82,2.1988,0.4181,0.9376
12.92,2.2139,0.468,1.0408
13.0,2.2267,0.4925,1.0999
13.12,2.2425,0.5565,1.2381
13.22,2.2451,0.6081,1.3399
13.32,2.2468,0.6541,1.441
13.42,2.243,0.705,1.5415
13.52,2.2337,0.7529,1.6405
13.6,2.2256,0.7782,1.698
13.72,2.2098,0.811,1.7719
13.76,2.2261,0.7693,1.6756
13.8,2.2397,0.7261,1.7058
13.92,2.2256,0.7451,1.6624
14.02,2.2467,0.7561,1.6796
16.02,2.2275,0.7648,1.6367
16.12,2.2339,0.8764,1.6351
16.22,2.2323,0.928,1.6261
16.32,2.2281,0.9785,1.6254
16.36,2.2359,0.9427,1.6279
16.42,2.2389,1.0025,1.6222
16.52,2.2336,1.0503,1.6256
16.62,2.2313,1.1022,1.6275
16.72,2.2316,1.1545,1.6287
16.82,2.2292,1.1912,1.6275
16.92,2.2246,1.1297,1.6299
31.6,2.23,1.1814,1.5772
31.66,2.2294,1.2221,1.57
31.76,2.2262,1.182,1.5895
33.12,2.2316,1.2302,1.5919
33.22,2.2338,1.2589,1.5897
33.32,2.2364,1.2234,1.5878
33.72,2.2343,1.2454,1.5917
33.76,2.2322,1.2751,1.5915
33.82,2.2343,1.3969,1.589
33.86,2.2322,1.3687,1.5903
33.92,2.2318,1.4216,1.5872
34.02,2.2357,1.4673,1.5849
34.1,2.2353,1.4968,1.5848
34.2,2.2335,1.546,1.5897
34.3,2.2331,1.5946,1.5896
34.52,2.2324,1.6513,1.5947
34.62,2.2293,1.6218,1.593
34.72,2.2315,1.7149,1.5955
34.8,2.2294,1.7453,1.5932
34.82,2.2301,1.7691,1.5931
34.92,2.2271,1.8173,1.5906
35.02,2.2251,1.8734,1.5908
35.12,2.2248,1.9221,1.5901
35.22,2.2235,1.9482,1.5894
35.36,2.2224,1.8847,1.5899
35.42,2.2236,1.8285,1.5878
35.46,2.2227,1.8642,1.5905
35.52,2.2231,1.8849,1.5879
36.72,2.2188,1.9862,1.5555
36.86,2.2238,1.9297,1.5686
36.9,2.2262,1.8703,1.5677
36.96,2.2234,1.915,1.5699
37.26,2.2192,1.9375,1.5698
38.1,2.2213,1.9597,1.5706
38.12,2.2222,1.9911,1.5706
38.22,2.2229,2.0805,1.5698
38.32,2.2216,2.1297,1.5708
38.42,2.2231,2.1802,1.5659
38.52,2.2271,2.2286,1.5605
38.62,2.2245,2.2805,1.567
38.72,2.2261,2.3265,1.5676
38.82,2.2245,2.3795,1.5694
38.92,2.2228,2.4285,1.5696
39.02,2.2399,2.4878,1.559
39.12,2.2413,2.5393,1.5587
39.22,2.2431,2.5875,1.5585
39.32,2.2431,2.6396,1.559
39.42,2.2437,2.6907,1.5591
39.52,2.2441,2.7388,1.5594
39.62,2.2472,2.7923,1.5589
39.72,2.2466,2.8388,1.5594
39.82,2.2485,2.8914,1.5593
39.92,2.2468,2.9425,1.5598
40.035,2.2486,3.0038,1.5597
40.06,2.2478,2.9792,1.5594
40.12,2.2507,3.0419,1.5594
40.22,2.2494,3.0915,1.5596
40.32,2.2495,3.1389,1.5595
40.44,2.2512,3.2121,1.5596
40.46,2.2501,3.1803,1.5597
40.52,2.2516,3.2419,1.5597
40.72,2.2497,3.2005,1.5583
41.52,2.256,3.2796,1.5361
41.62,2.2517,3.253,1.5219
41.8,2.2512,3.2238,1.5384
42.0,2.2546,3.2947,1.5171
42.02,2.2588,3.3412,1.5119
42.12,2.2556,3.2883,1.5055
43.22,2.254,3.3738,1.5547
43.32,2.2522,3.3379,1.5669
43.5,2.2536,3.3105,1.5439
44.3,2.2534,3.3386,1.5445
44.4,2.2559,3.4015,1.5439
44.46,2.2573,3.4476,1.5443
44.5,2.2585,3.4896,1.5433
44.6,2.26,3.5434,1.5438
44.7,2.2609,3.5932,1.5437
44.8,2.2626,3.6438,1.5443
44.9,2.2665,3.69,1.5424
44.92,2.2659,3.7102,1.5421
45.0,2.265,3.7433,1.5445
45.02,2.2661,3.7635,1.544
45.1,2.268,3.7913,1.5434
45.12,2.2688,3.8116,1.5432
45.2,2.269,3.8438,1.5444
45.3,2.269,3.8907,1.5449
45.32,2.2693,3.9124,1.5449
45.4,2.2704,3.9454,1.5449
45.5,2.2723,3.9868,1.5447
45.52,2.2738,4.009,1.5447
45.6,2.2736,4.0437,1.545
45.62,2.2735,4.065,1.545
45.7,2.2754,4.0941,1.5445
45.8,2.2755,4.1413,1.5451
45.9,2.2773,4.1925,1.5449
45.92,2.2784,4.2146,1.5449
46.0,2.2788,4.2456,1.5448
46.1,2.2805,4.2949,1.5449
46.2,2.2806,4.3437,1.545
46.22,2.2801,4.365,1.545
46.3,2.2819,4.3944,1.545
46.4,2.284,4.445,1.5449
46.5,2.283,4.4865,1.5451
46.52,2.2847,4.5101,1.5451
46.6,2.2581,4.5472,1.5522
46.62,2.2582,4.568,1.5522
46.7,2.2591,4.5997,1.5523
46.8,2.2614,4.6429,1.5525
46.84,2.2613,4.6843,1.5525
46.92,2.2605,4.7174,1.5524
47.2,2.2574,4.619,1.5535
47.3,2.2599,4.6664,1.5531
48.2,2.2575,4.704,1.5705
48.26,2.2561,4.7375,1.6004
48.46,2.2563,4.7168,1.584
49.1,2.2579,4.7527,1.5829
49.16,2.2578,4.8001,1.5828
49.2,2.2572,4.843,1.5819
49.26,2.2567,4.8642,1.5821
49.3,2.2561,4.905,1.5817
49.4,2.2555,4.9545,1.5817
49.5,2.2558,5.005,1.582
49.6,2.2536,5.0552,1.5832
49.7,2.2532,5.1053,1.5829
49.8,2.2536,5.157,1.5821
49.9,2.2515,5.2099,1.5822
50.0,2.2503,5.2449,1.5827
50.02,2.25,5.2668,1.5827
50.12,2.2534,5.3283,1.5828
50.22,2.2556,5.3713,1.5826
50.32,2.2563,5.2959,1.5827
51.42,2.259,5.3358,1.5825
51.5,2.2586,5.381,1.5825
51.52,2.2578,5.438,1.5825
51.6,2.2567,5.4683,1.5838
51.7,2.256,5.5158,1.5832
51.8,2.2555,5.5632,1.583
51.82,2.2562,5.5862,1.582
51.9,2.2583,5.6234,1.5802
52.0,2.2555,5.6686,1.5817
52.02,2.2541,5.6888,1.5828
52.1,2.2505,5.7154,1.5842
52.12,2.2506,5.736,1.5845
52.2,2.2531,5.7678,1.5827
52.22,2.2533,5.7893,1.5827
52.3,2.2525,5.8183,1.5832
52.4,2.2515,5.8676,1.5832
52.42,2.2507,5.8886,1.5833
52.6,2.2521,5.8677,1.583
52.62,2.2517,5.8429,1.5829
53.64,2.2536,5.879,1.5706
53.72,2.2539,5.9,1.5579
54.02,2.2521,5.8767,1.5696
54.5,2.2547,5.9177,1.5702
54.52,2.2562,5.9722,1.5702
54.6,2.2535,6.0081,1.572
54.62,2.2523,6.04,1.5721
54.7,2.2543,6.0691,1.5694
54.8,2.2434,6.1408,1.5722
54.82,2.2427,6.1644,1.5722
54.9,2.2431,6.196,1.5717
54.92,2.2432,6.2178,1.5717
55.0,2.2429,6.2464,1.5729
55.1,2.2429,6.2915,1.5727
55.12,2.2437,6.3117,1.5719
55.2,2.2458,6.3431,1.5707
55.22,2.2456,6.3646,1.5705
55.3,2.2441,6.3961,1.5715
55.4,2.2444,6.4349,1.5719
55.42,2.2443,6.4585,1.5719
55.5,2.2451,6.4923,1.5718
55.6,2.244,6.543,1.5719
55.7,2.2441,6.5901,1.5719
55.8,2.2453,6.6388,1.5715
55.82,2.2468,6.6619,1.5714
55.9,2.2439,6.6916,1.5718
56.0,2.2431,6.739,1.5717
56.1,2.2433,6.7883,1.5718
56.12,2.2433,6.8117,1.5718
56.2,2.2431,6.8426,1.572
56.22,2.2423,6.8627,1.572
56.3,2.2432,6.8905,1.5719
56.42,2.2425,6.9598,1.5719
56.5,2.2419,6.9896,1.5721
56.6,2.242,7.0404,1.572
56.7,2.2445,7.0878,1.572
56.8,2.2438,7.1372,1.5719
56.82,2.2435,7.1588,1.5719
56.9,2.2427,7.1936,1.5719
57.0,2.2433,7.2411,1.5719
57.02,2.2421,7.2617,1.572
57.1,2.2407,7.2922,1.5721
57.22,2.242,7.3609,1.572
57.34,2.2409,7.4145,1.5721
57.42,2.2408,7.4611,1.5721
57.52,2.2411,7.5118,1.5722
57.6,2.2412,7.5415,1.5722
57.7,2.2412,7.5895,1.572
57.8,2.241,7.6362,1.5719
57.9,2.2472,7.6911,1.5722
58.0,2.2444,7.7379,1.572
58.1,2.2439,7.789,1.5717
58.2,2.244,7.8422,1.5717
58.3,2.2432,7.8891,1.5718
58.4,2.2426,7.9386,1.5717
58.5,2.2421,7.9911,1.5718
58.6,2.2427,8.0403,1.5718
58.7,2.2425,8.0894,1.5718
58.8,2.2427,8.1406,1.572
58.9,2.2405,8.1906,1.5719
59.0,2.2416,8.2431,1.5719
59.1,2.2414,8.2924,1.5719
59.2,2.2414,8.3419,1.5719
59.3,2.2425,8.3907,1.572
59.4,2.2414,8.4419,1.5718
59.5,2.2404,8.4933,1.572
59.6,2.2423,8.541,1.5695
59.7,2.2517,8.5907,1.4831
59.72,2.2624,8.6084,1.4567
59.8,2.2674,8.6365,1.3848
59.9,2.2627,8.6899,1.4397
60.0,2.2625,8.7385,1.4657
60.1,2.2713,8.7871,1.466
60.2,2.2727,8.8428,1.4656
60.3,2.282,8.8906,1.4657
60.4,2.2839,8.9306,1.4654
60.52,2.2782,8.8771,1.4629
60.92,2.2771,8.9077,1.4799
61.02,2.266,9.0067,1.6061
61.12,2.2371,9.0571,1.7931
61.22,2.2128,9.094,1.9204
61.3,2.2125,9.1218,1.971
61.36,2.1944,9.1317,1.9941
61.4,2.1588,9.1625,2.0822
61.5,2.1411,9.2011,2.1754
61.6,2.1076,9.2338,2.269
61.7,2.0681,9.2643,2.3668
61.72,2.049,9.274,2.4069
61.8,2.0267,9.289,2.4676
61.82,2.0065,9.2952,2.508
61.92,1.9632,9.3182,2.6095
62.04,1.8909,9.3381,2.7525
62.06,1.9224,9.3307,2.688
62.12,1.8623,9.3408,2.8109
62.22,1.8125,9.351,2.9105
62.32,1.7621,9.3531,3.0105
62.42,1.7192,9.3515,3.1115
62.52,1.7509,9.3486,3.1327
62.92,1.6562,9.3567,3.1071
63.02,1.7157,9.3511,-3.1346
63.26,1.6936,9.3549,3.0815
63.3,1.6344,9.3697,3.0844
63.36,1.5926,9.3686,3.0788
63.42,1.5436,9.366,3.0756
63.5,1.5736,9.3706,3.0765
63.56,1.6057,9.3638,3.0829
63.7,1.5565,9.3726,3.0939
63.76,1.5089,9.3712,3.0882
63.8,1.4717,9.3726,3.0849
63.96,1.5033,9.3668,3.0861
64.1,1.4521,9.3697,-3.1181
64.12,1.4133,9.3687,-3.107
64.22,1.4475,9.3652,-3.0943
64.34,1.3803,9.3582,-3.0585
64.56,1.3613,9.3457,-3.0083
64.66,1.3894,9.3525,-3.0291
64.7,1.4236,9.3579,-3.0285
64.76,1.401,9.3518,-3.0321
64.9,1.3542,9.3417,-3.0056
64.96,1.3187,9.3347,-2.9206
65.02,1.2649,9.3149,-2.8113
65.1,1.2246,9.2844,-2.7443
65.12,1.2575,9.2926,-2.7283
65.22,1.2766,9.3082,-2.8277
65.26,1.2997,9.3185,-2.8618
65.46,1.1936,9.2723,-2.7557
65.5,1.1365,9.2507,-2.7434
65.56,1.2228,9.2854,-2.7898
65.6,1.242,9.291,-2.7884
65.76,1.2148,9.283,-2.7949
65.86,1.1158,9.2549,-2.7986
65.9,1.0182,9.2302,-2.8024
65.96,1.0537,9.2352,-2.7958
66.0,1.0335,9.2274,-2.8008
66.1,0.9892,9.2115,-2.7991
66.2,0.9424,9.1983,-2.7999
66.22,0.9206,9.1957,-2.8001
66.3,0.8976,9.1817,-2.7995
66.4,0.8523,9.1655,-2.8014
66.5,0.807,9.1503,-2.8843
66.6,0.7594,9.1654,-2.9495
66.62,0.7383,9.1596,-2.9561
66.7,0.7108,9.1365,-2.8922
66.72,0.6907,9.1335,-2.8927
66.8,0.6611,9.1248,-2.8786
66.84,0.633,9.118,-2.8785
66.9,0.61,9.109,-2.8774
67.0,0.573,9.0996,-2.8775
67.02,0.5521,9.0937,-2.8776
67.12,0.4997,9.0801,-2.877
67.24,0.4469,9.0617,-2.8765
67.32,0.4019,9.0529,-2.8769
67.4,0.3712,9.0465,-2.8982
67.5,0.3257,9.0492,-3.0492
67.6,0.2774,9.0626,3.1016
67.7,0.2234,9.0609,-3.1308
67.8,0.1742,9.0548,-3.0755
67.9,0.1237,9.0503,-3.0727
68.0,0.0761,9.0456,-3.0728
68.02,0.0552,9.043,-3.0727
68.1,0.025,9.0437,-3.0728
68.2,-0.0238,9.0298,-3.0415
68.22,-0.0435,9.0242,-3.0221
68.3,-0.0717,9.0233,-2.9264
68.32,-0.0895,9.0126,-2.9126
68.4,-0.1266,9.0115,-2.9526
68.42,-0.1469,9.0112,-2.9525
68.5,-0.1797,9.0202,-2.9908
68.52,-0.2004,9.0179,-2.9907
68.6,-0.2312,9.0108,-2.991
68.7,-0.2774,9.0051,-2.991
68.72,-0.2992,9.0018,-2.991
68.8,-0.329,8.9973,-2.9911
68.9,-0.3781,8.9912,-2.9911
69.0,-0.4256,8.985,-2.9914
69.1,-0.4744,8.977,-2.9913
69.12,-0.4944,8.9735,-2.9913
69.2,-0.5257,8.9687,-2.9912
69.22,-0.5466,8.966,-2.9912
69.3,-0.5749,8.961,-2.9913
69.4,-0.624,8.9599,-3.0336
69.42,-0.646,8.965,-3.0564
69.5,-0.6764,8.9667,3.1121
69.52,-0.6967,8.9755,3.094
69.6,-0.7272,8.9703,3.1339
69.62,-0.7472,8.9718,3.1331
69.7,-0.7755,8.9643,-3.1031
69.8,-0.8277,8.9634,-3.1001
69.9,-0.8711,8.9581,-3.1009
69.92,-0.8913,8.9587,-3.101
70.0,-0.9237,8.9585,-3.1008
70.02,-0.9442,8.9573,-3.1009
70.1,-0.9777,8.9486,-3.1008
70.12,-0.9995,8.9469,-3.1008
70.2,-1.0295,8.9517,-3.1006
70.3,-1.0667,8.9498,-3.1339
70.32,-1.0884,8.9553,3.1284
70.4,-1.1201,8.9655,3.0318
70.42,-1.1392,8.9757,3.0188
70.5,-1.1684,8.9724,3.0579
70.62,-1.2449,8.9701,3.0961
70.72,-1.2967,8.9732,3.096
70.82,-1.3465,8.974,3.0958
70.92,-1.3945,8.979,3.0958
71.02,-1.4446,8.9826,3.0959
71.12,-1.4803,8.9846,3.0949
71.22,-1.4287,8.9748,3.087
71.42,-1.5348,8.9602,-3.1003
71.52,-1.5812,8.9336,-2.9049
71.6,-1.6105,8.9317,-2.8089
71.62,-1.6288,8.9154,-2.7651
71.7,-1.6578,8.8761,-2.6975
71.8,-1.6976,8.8704,-2.6041
71.9,-1.7254,8.8193,-2.5028
72.0,-1.7674,8.7969,-2.4072
72.02,-1.7786,8.7795,-2.3663
72.1,-1.7916,8.7496,-2.3064
72.16,-1.8096,8.8082,-2.3042
72.2,-1.8318,8.7788,-2.2232
72.3,-1.854,8.7199,-2.121
72.4,-1.8708,8.6817,-2.0204
72.5,-1.8832,8.6328,-1.9195
72.6,-1.8891,8.5824,-1.8187
72.7,-1.8901,8.5425,-1.7249
72.86,-1.8798,8.5923,-1.8359
73.06,-1.8921,8.5596,-1.841
73.16,-1.9267,8.4538,-1.8415
73.2,-1.9681,8.3607,-1.8467
73.26,-1.9488,8.3963,-1.845
73.3,-1.9459,8.373,-1.8454
73.32,-1.9576,8.3551,-1.8516
73.4,-1.9825,8.3341,-1.86
73.5,-1.9768,8.2856,-1.85
73.6,-2.0064,8.2453,-1.8552
73.7,-2.0078,8.191,-1.8504
73.82,-2.0267,8.1276,-1.8483
73.92,-2.0389,8.0788,-1.8463
74.02,-2.0524,8.0346,-1.8475
74.1,-2.0512,8.0127,-1.8379
74.26,-2.0367,8.0538,-1.836
74.4,-2.0416,8.0261,-1.8057
74.42,-2.0514,7.9839,-1.7855
74.52,-2.0468,7.9283,-1.6068
74.6,-2.024,7.8334,-1.4926
74.72,-2.016,7.8092,-1.3528
74.8,-1.9915,7.7662,-1.2909
74.92,-1.9653,7.7221,-1.1559
75.02,-1.9376,7.6803,-1.0583
75.12,-1.908,7.6416,-0.9574
75.22,-1.8587,7.609,-0.8545
75.32,-1.829,7.5778,-0.7581
75.42,-1.7791,7.5529,-0.6586
75.46,-1.7951,7.5362,-0.6672
75.52,-1.7487,7.5135,-0.5554
75.62,-1.8069,7.558,-0.5998
75.82,-1.7017,7.4791,-0.5989
75.92,-1.662,7.4765,-0.4222
76.02,-1.7111,7.5027,-0.4276
76.52,-1.5999,7.424,-0.5217
76.62,-1.5642,7.4102,-0.5376
76.72,-1.5311,7.3645,-0.5595
76.82,-1.4806,7.3534,-0.5458
76.935,-1.4366,7.3098,-0.55
76.96,-1.4483,7.3349,-0.5343
77.0,-1.4132,7.3139,-0.5384
77.1,-1.3673,7.2901,-0.5331
77.2,-1.3227,7.2669,-0.5296
77.3,-1.2881,7.2344,-0.5361
77.32,-1.2698,7.2234,-0.5369
77.42,-1.2221,7.2011,-0.5336
77.62,-1.2578,7.2335,-0.5366
77.72,-1.2002,7.1974,-0.4944
77.86,-1.114,7.183,-0.2922
77.9,-1.0695,7.1811,-0.254
77.96,-1.1271,7.199,-0.3432
78.02,-1.1568,7.2022,-0.3366
78.22,-1.1286,7.1963,-0.3219
78.3,-1.0253,7.1699,-0.2419
78.4,-1.0875,7.1917,-0.2734
78.5,-1.1105,7.1965,-0.298
78.7,-1.0714,7.1894,-0.2419
78.72,-1.0193,7.1752,-0.2177
78.8,-0.9967,7.1738,-0.1564
78.82,-1.0181,7.1806,-0.1453
78.9,-1.125,7.2082,-0.2004
79.0,-1.0764,7.1933,-0.2191
79.1,-1.039,7.186,-0.1795
79.12,-0.9867,7.1779,-0.1563
79.2,-0.9502,7.1838,-0.0055
79.22,-0.9187,7.191,0.0337
79.32,-0.9654,7.1884,0.067
80.0,-0.9134,7.1808,-0.0515
80.02,-0.8547,7.1735,-0.0514
80.12,-0.8081,7.1761,-0.0562
80.2,-0.7694,7.1674,-0.0662
80.32,-0.7061,7.1633,-0.0633
80.42,-0.6591,7.1614,-0.0587
80.5,-0.6326,7.165,-0.0542
80.66,-0.6749,7.1724,-0.0527
81.42,-0.6373,7.1807,-0.0313
81.5,-0.6133,7.1809,0.0577
81.52,-0.5849,7.1848,0.0702
81.6,-0.61,7.1359,0.0576
81.62,-0.6429,7.1356,0.0577
82.22,-0.6055,7.137,0.0174
82.3,-0.5765,7.136,0.0162
82.32,-0.543,7.1341,0.0162
82.42,-0.5928,7.1373,0.0173
82.62,-0.5423,7.132,0.02
82.7,-0.5187,7.134,0.018
82.72,-0.4964,7.1326,0.0179
82.82,-0.5415,7.1383,0.0192
83.5,-0.4402,7.1379,0.0185
83.62,-0.4925,7.1383,0.0171
84.0,-0.4627,7.1389,0.0166
84.06,-0.4331,7.1386,0.0199
84.1,-0.3885,7.1381,0.0178
84.16,-0.3577,7.1384,0.0179
84.36,-0.3994,7.1389,0.0187
84.86,-0.3108,7.1279,-0.0972
84.9,-0.2107,7.1048,-0.1768
84.96,-0.232,7.106,-0.2478
85.0,-0.2174,7.0889,-0.3453
85.02,-0.2041,7.0708,-0.3871
85.1,-0.1796,7.0621,-0.4475
85.12,-0.1653,7.0438,-0.4887
85.2,-0.137,7.0375,-0.5338
85.3,-0.1178,6.9915,-0.6479
85.32,-0.1039,6.9741,-0.6904
85.4,-0.0793,6.96,-0.7345
85.42,-0.07,6.9421,-0.7747
85.5,-0.0509,6.9202,-0.8307
85.52,-0.0429,6.8989,-0.8712
85.6,-0.0263,6.8785,-0.9297
85.7,-0.008,6.8333,-1.0279
85.72,-0.0027,6.8139,-1.0684
85.8,0.008,6.7856,-1.1303
85.82,0.0118,6.7643,-1.1708
85.9,0.0205,6.7363,-1.2317
86.0,0.0265,6.6881,-1.333
86.02,0.0258,6.6674,-1.3735
86.1,0.0291,6.6389,-1.4337
86.2,0.0251,6.591,-1.5342
86.22,0.0218,6.5712,-1.5743
86.3,0.0173,6.5426,-1.6324
86.4,0.0186,6.4765,-1.7238
86.42,0.014,6.4557,-1.7625
86.5,0.0023,6.4278,-1.8234
86.52,-0.0073,6.41,-1.8631
86.6,-0.0236,6.387,-1.9253
86.7,-0.0515,6.3496,-2.0262
86.72,-0.0644,6.3341,-2.0657
86.82,-0.038,6.3729,-2.0736
87.5,-0.0417,6.312,-1.84
87.52,-0.0438,6.2524,-1.8071
87.6,-0.0455,6.2265,-1.6455
87.62,-0.0306,6.2053,-1.6038
87.7,-0.03,6.1781,-1.5203
87.72,-0.0118,6.159,-1.4794
87.9,-0.0184,6.1383,-1.5413
87.92,-0.0203,6.1626,-1.5393
88.0,-0.0268,6.2592,-1.5829
88.1,-0.024,6.2032,-1.5864
88.7,-0.0328,6.1713,-1.5874
88.72,-0.0333,6.1433,-1.5875
88.82,-0.0342,6.1075,-1.5885
88.92,-0.034,6.1455,-1.5885
89.32,-0.0372,6.1125,-1.6058
89.42,-0.0559,6.0149,-1.7439
89.7,-0.0476,6.0984,-1.752
89.74,-0.0569,6.0459,-1.7945
89.82,-0.0809,5.9758,-1.9048
89.9,-0.1363,5.8546,-2.0304
89.92,-0.1378,5.8809,-2.0506
89.96,-0.1174,5.9124,-1.9628
90.22,-0.142,5.8804,-2.0319
90.4,-0.1562,5.8587,-2.0739
90.5,-0.1731,5.8353,-2.1353
90.66,-0.1581,5.8634,-2.0942
90.72,-0.187,5.811,-2.1336
91.0,-0.2217,5.7878,-2.2252
91.06,-0.2512,5.7537,-2.263
91.16,-0.2353,5.7788,-2.28
91.2,-0.2599,5.755,-2.3277
91.22,-0.2873,5.7253,-2.3436
91.4,-0.3071,5.7203,-2.4247
91.42,-0.3316,5.7033,-2.4411
91.6,-0.3578,5.6878,-2.5096
91.62,-0.386,5.6703,-2.5298
91.72,-0.3435,5.6947,-2.5314
92.1,-0.3638,5.6857,-2.4761
92.12,-0.3901,5.6632,-2.4762
92.2,-0.4218,5.6382,-2.4729
92.22,-0.4556,5.6066,-2.4726
92.3,-0.4806,5.5888,-2.4662
92.32,-0.4934,5.5729,-2.4656
92.4,-0.5186,5.556,-2.4537
92.5,-0.5488,5.5162,-2.3383
92.52,-0.5545,5.4919,-2.3126
92.6,-0.5801,5.4761,-2.2972
92.7,-0.6184,5.4437,-2.3623
92.72,-0.6329,5.4285,-2.3623
92.8,-0.6562,5.4097,-2.3745
92.92,-0.706,5.3623,-2.3756
93.2,-0.6405,5.4321,-2.3712
93.26,-0.6649,5.4062,-2.3741
93.7,-0.6978,5.3775,-2.3919
93.76,-0.7226,5.3575,-2.458
94.32,-0.8029,5.2904,-2.4336
94.4,-0.8257,5.2717,-2.4336
94.5,-0.8653,5.2403,-2.4343
94.6,-0.9039,5.2063,-2.4333
94.7,-0.9355,5.1789,-2.4333
94.92,-0.956,5.1403,-2.3315
95.12,-0.9821,5.1025,-2.2285
95.2,-1.049,4.9735,-2.0834
95.4,-0.9971,4.9133,-1.8483
95.44,-0.9965,4.8736,-1.7632
95.6,-1.0081,4.8301,-1.66
95.62,-1.003,4.8108,-1.6195
95.7,-1.0017,4.7821,-1.5627
95.72,-0.994,4.7597,-1.5228
95.82,-0.9808,4.7143,-1.4247
95.9,-0.9736,4.6859,-1.3713
95.92,-0.9629,4.6669,-1.3319
96.0,-0.9538,4.6392,-1.2696
96.1,-0.9371,4.6086,-1.1788
96.2,-0.9218,4.5932,-1.2373
96.22,-0.9356,4.6173,-1.2268
96.3,-0.9883,4.7207,-1.2655
96.36,-0.9682,4.6745,-1.2878
96.42,-0.9452,4.6334,-1.2566
96.5,-0.9092,4.5173,-1.1585
96.52,-0.8911,4.4902,-1.1227
96.56,-0.8981,4.5203,-1.0716
96.62,-0.8581,4.4873,-0.9524
96.76,-0.8588,4.5074,-0.9966
96.82,-0.8816,4.5315,-0.9772
97.2,-0.8626,4.4969,-1.0276
97.22,-0.8409,4.4464,-1.0273
97.3,-0.8225,4.4163,-1.0634
97.32,-0.8153,4.3847,-1.083
97.42,-0.8348,4.4211,-1.1666
97.66,-0.8367,4.4413,-1.0907
97.82,-0.7879,4.3316,-1.0947
97.9,-0.7796,4.3064,-1.1777
98.06,-0.7993,4.3471,-1.1746
98.46,-0.7899,4.3218,-1.2222
98.5,-0.7768,4.266,-1.2742
98.56,-0.7711,4.238,-1.3036
98.6,-0.7655,4.2084,-1.3183
98.66,-0.7956,4.3136,-1.2629
98.7,-0.8155,4.3832,-1.2665
98.76,-0.7966,4.3253,-1.2562
98.8,-0.7912,4.3023,-1.2569
99.0,-0.7848,4.2763,-1.2557
99.06,-0.7787,4.2565,-1.2558
99.1,-0.7653,4.2126,-1.2543
99.16,-0.7509,4.172,-1.2544
99.2,-0.7393,4.1328,-1.2539
99.3,-0.7285,4.0993,-1.2551
99.46,-0.7412,4.1447,-1.2558
99.7,-0.7348,4.1195,-1.369
99.76,-0.7265,4.0126,-1.4586
99.8,-0.7301,3.9091,-1.5449
99.86,-0.7326,3.9548,-1.5785
99.9,-0.7363,3.933,-1.6583
100.0,-0.7584,3.8863,-1.767
100.1,-0.7635,3.8421,-1.8548
100.12,-0.7765,3.8252,-1.8942
100.2,-0.787,3.7995,-1.9472
100.24,-0.8119,3.7747,-2.0005
100.26,-0.7917,3.7899,-1.9613
100.3,-0.8152,3.7587,-2.0451
100.42,-0.8598,3.7078,-2.1868
100.5,-0.8872,3.688,-2.2438
100.6,-0.9282,3.658,-2.3443
100.7,-0.9676,3.6314,-2.4448
100.8,-1.0115,3.6091,-2.5452
100.82,-1.0309,3.5999,-2.5855
100.92,-1.0777,3.5868,-2.687
101.02,-1.1249,3.5732,-2.7871
101.12,-1.1714,3.5713,-2.8796
101.22,-1.1023,3.5834,-2.8474
101.66,-1.1345,3.5702,-2.7439
101.7,-1.1776,3.5517,-2.7428
101.76,-1.2187,3.5309,-2.7081
101.8,-1.2483,3.5125,-2.6557
101.9,-1.2827,3.4901,-2.6
101.96,-1.1843,3.5303,-2.6611
102.0,-1.1176,3.5581,-2.6623
102.06,-1.171,3.5379,-2.6678
102.16,-1.1927,3.5332,-2.6659
102.3,-1.2417,3.4972,-2.6183
102.36,-1.2856,3.468,-2.5101
102.4,-1.3039,3.4437,-2.4306
102.56,-1.2707,3.4662,-2.5174
103.06,-1.2911,3.4555,-2.5202
103.1,-1.3424,3.4185,-2.5215
103.16,-1.3722,3.3943,-2.5213
103.2,-1.4015,3.3719,-2.5214
103.3,-1.4394,3.3446,-2.5221
103.4,-1.4797,3.3121,-2.5185
103.5,-1.5206,3.2829,-2.5198
103.6,-1.5597,3.2521,-2.5191
103.7,-1.5992,3.2225,-2.5196
103.72,-1.6154,3.2093,-2.5196
103.82,-1.6558,3.1839,-2.521
103.92,-1.696,3.1495,-2.5201
104.0,-1.7206,3.1354,-2.5266
104.06,-1.6768,3.1704,-2.527
104.1,-1.6397,3.2011,-2.5249
104.3,-1.6832,3.1621,-2.5017
104.36,-1.7213,3.1319,-2.412
104.4,-1.7439,3.097,-2.3437
104.42,-1.7564,3.0668,-2.3044
104.5,-1.7708,3.0431,-2.1768
104.52,-1.7727,3.0203,-2.1361
104.62,-1.7545,3.0626,-2.1302
104.82,-1.8042,2.9843,-2.1777
104.92,-1.7786,3.0379,-2.1338
105.32,-1.8315,2.9441,-2.11
105.42,-1.802,2.9899,-2.0581
105.52,-1.8391,2.9069,-2.0505
105.62,-1.8194,2.9491,-2.0095
105.72,-1.8498,2.8606,-1.9832
105.82,-1.8319,2.9022,-1.9324
106.12,-1.8447,2.851,-1.9002
106.16,-1.8619,2.805,-1.8696
106.26,-1.8544,2.8236,-1.8807
106.32,-1.8544,2.7957,-1.8232
106.36,-1.8661,2.7609,-1.8126
106.56,-1.87,2.7112,-1.7328
106.66,-1.8643,2.7314,-1.7441
106.72,-1.8656,2.6645,-1.6877
106.86,-1.8628,2.7074,-1.6982
107.2,-1.8604,2.6681,-1.6282
107.22,-1.86,2.632,-1.6177
107.32,-1.8641,2.6776,-1.6234
108.12,-1.8655,2.6511,-1.6528
108.2,-1.874,2.5684,-1.6545
108.32,-1.8699,2.625,-1.6546
108.62,-1.8682,2.5757,-1.6255
108.72,-1.8475,2.4883,-1.4657
108.82,-1.8233,2.446,-1.2868
108.92,-1.7997,2.4087,-1.1737
109.12,-1.8055,2.4459,-1.2262
109.32,-1.784,2.4023,-1.2539
109.42,-1.768,2.3754,-1.1496
109.56,-1.7776,2.3955,-1.2045
109.7,-1.7807,2.3722,-1.1979
109.72,-1.7691,2.338,-1.197
109.82,-1.7407,2.2891,-1.2051
109.86,-1.733,2.2683,-1.2099
109.92,-1.7075,2.184,-1.2162
109.96,-1.7145,2.2106,-1.2087
110.02,-1.6945,2.1654,-1.2117
110.16,-1.7065,2.1896,-1.2066
110.26,-1.7167,2.2138,-1.202
110.3,-1.7312,2.2445,-1.2006
110.36,-1.7198,2.2261,-1.2031
110.5,-1.6953,2.1847,-1.1756
110.52,-1.6727,2.1401,-1.1575
110.62,-1.6893,2.1711,-1.0896
111.1,-1.6642,2.1175,-1.1481
111.16,-1.6445,2.0727,-1.1482
111.2,-1.6282,2.0359,-1.1494
111.3,-1.6147,2.0044,-1.15
111.42,-1.6249,2.0325,-1.1398
111.5,-1.5983,1.9938,-1.0592
111.52,-1.5645,1.9419,-1.028
111.6,-1.548,1.9168,-0.8974
111.7,-1.5741,1.9864,-0.913
111.72,-1.5904,2.0004,-0.9103
111.8,-1.5818,1.9801,-0.9848
112.2,-1.5679,1.9559,-0.9886
112.22,-1.5461,1.9208,-0.9886
112.82,-1.5242,1.8835,-0.9884
112.92,-1.494,1.8396,-0.9883
113.0,-1.4364,1.7501,-0.9921
113.12,-1.4199,1.7253,-0.9901
113.32,-1.4456,1.7675,-0.9904
113.56,-1.4015,1.7071,-1.0001
113.6,-1.3691,1.6616,-1.0017
113.66,-1.3965,1.7019,-0.9929
113.72,-1.412,1.7238,-0.9932
115.0,-1.3807,1.6668,-1.0805
115.1,-1.3663,1.6289,-1.0856
115.12,-1.3788,1.6547,-1.0849
115.2,-1.4318,1.753,-1.0489
115.26,-1.4086,1.7104,-1.0513
115.5,-1.3967,1.686,-1.0578
115.6,-1.3781,1.6275,-1.1646
115.66,-1.3573,1.5784,-1.2587
115.7,-1.3567,1.5538,-1.3373
115.82,-1.3727,1.6022,-1.2876
115.92,-1.3606,1.5632,-1.2453
116.02,-1.3562,1.5066,-1.393
116.1,-1.3524,1.3909,-1.5068
116.12,-1.364,1.4146,-1.5248
116.2,-1.3588,1.441,-1.4533
116.34,-1.3637,1.3816,-1.5852
116.4,-1.3555,1.3373,-1.6872
116.42,-1.3665,1.3164,-1.7342
116.5,-1.3935,1.2836,-1.8169
116.62,-1.4133,1.2268,-1.9518
116.74,-1.4228,1.2488,-2.0014
116.82,-1.4238,1.2114,-1.9111
116.9,-1.4464,1.1788,-1.9997
116.96,-1.4609,1.1497,-2.0699
117.02,-1.4514,1.1786,-2.1227
117.1,-1.4678,1.1546,-2.0557
117.16,-1.4797,1.1297,-2.0946
117.2,-1.4985,1.1083,-2.1143
117.3,-1.4466,1.1831,-2.0992
117.42,-1.5201,1.0737,-2.1255
117.52,-1.493,1.1144,-2.191
117.72,-1.5079,1.0976,-2.137
117.82,-1.5427,1.0657,-2.2307
117.86,-1.5639,1.0313,-2.2358
117.96,-1.5437,1.0622,-2.203
118.16,-1.5269,1.0795,-2.1999
118.26,-1.5434,1.0536,-2.2429
118.3,-1.5861,1.001,-2.2912
118.36,-1.6117,0.9831,-2.3885
118.4,-1.6409,0.9648,-2.4571
118.46,-1.6292,0.9886,-2.4227
118.5,-1.6123,1.0116,-2.4396
118.56,-1.5941,1.0212,-2.3676
118.66,-1.614,0.9998,-2.41
118.7,-1.6536,0.9747,-2.4583
118.76,-1.6935,0.9466,-2.5574
118.8,-1.7193,0.9361,-2.6292
118.96,-1.6827,0.9651,-2.5332
119.2,-1.7277,0.9302,-2.5323
119.26,-1.7701,0.8984,-2.53
119.3,-1.8047,0.8782,-2.53
119.4,-1.7717,0.8864,-2.5196
119.46,-1.7508,0.91,-2.5276
119.76,-1.8353,0.836,-2.4461
119.8,-1.8698,0.7971,-2.4393
119.86,-1.8105,0.8607,-2.4742
120.0,-1.7874,0.8731,-2.4766
120.32,-1.814,0.8559,-2.4474
120.36,-1.8469,0.8298,-2.3964
120.4,-1.8884,0.7888,-2.3711
120.46,-1.8527,0.8186,-2.3932
120.6,-1.8687,0.7922,-2.3078
120.72,-1.8868,0.7606,-2.2824
120.8,-1.9057,0.7259,-2.243
120.82,-1.8876,0.7422,-2.2329
120.9,-1.903,0.7263,-2.2279
120.92,-1.9315,0.6848,-2.2015
121.02,-1.9118,0.7036,-2.108
121.12,-1.9304,0.6624,-2.0685
121.2,-1.9591,0.5962,-2.0511
121.22,-1.9387,0.6374,-2.0421
121.26,-1.9307,0.6593,-2.082
121.32,-1.9439,0.6181,-2.0171
121.36,-1.9754,0.5715,-1.9939
121.46,-1.9632,0.5946,-1.9735
121.52,-1.97,0.517,-1.8924
121.62,-1.9609,0.5591,-1.8275
121.72,-1.9607,0.5107,-1.787
121.76,-1.969,0.4656,-1.7794
121.86,-1.9634,0.5001,-1.8196
122.0,-1.9669,0.4722,-1.7503
122.06,-1.9685,0.4251,-1.6472
122.1,-1.9633,0.3882,-1.5726
122.2,-1.9287,0.3299,-1.4302
122.3,-1.9214,0.2914,-1.3409
122.4,-1.8965,0.2452,-1.249
122.5,-1.8712,0.2037,-1.1533
122.6,-1.8449,0.166,-1.0558
122.7,-1.7986,0.1346,-0.9489
122.8,-1.7736,0.1033,-0.8535
122.9,-1.7285,0.0726,-0.7553
123.0,-1.69,0.048,-0.6541
123.1,-1.6414,0.0293,-0.5521
123.2,-1.593,0.0114,-0.4552
123.3,-1.5475,0.0021,-0.3555
123.32,-1.5268,-0.0004,-0.3151
123.42,-1.4785,-0.0066,-0.2145
123.52,-1.4297,-0.0051,-0.1137
123.62,-1.384,0.0024,-0.0122
123.72,-1.3444,0.0094,0.0863
123.82,-1.2985,0.0291,0.1785
123.9,-1.2774,0.0355,0.2355
124.0,-1.2287,0.0612,0.3389
124.22,-1.2492,0.0611,0.3306
124.3,-1.2848,0.0148,0.3301
124.4,-1.2275,0.0574,0.3309
124.42,-1.1736,0.0717,0.3521
124.52,-1.212,0.0571,0.4113
125.02,-1.1606,0.0794,0.3433
125.1,-0.9905,0.1222,0.3292
125.16,-1.0336,0.1103,0.3358
125.26,-1.1248,0.0798,0.3391
125.32,-1.1756,0.0547,0.3417
125.36,-1.1466,0.0723,0.3374
125.42,-1.1092,0.0886,0.3382
125.52,-1.012,0.1209,0.3381
125.62,-1.0612,0.1035,0.3351
125.82,-0.9593,0.1226,0.2338
125.92,-0.913,0.1204,0.0379
126.02,-0.962,0.0981,0.0283
126.16,-0.975,0.1143,0.1536
126.32,-0.9013,0.1245,0.1569
126.36,-0.8501,0.1346,0.1575
126.4,-0.7919,0.1446,0.1577
126.46,-0.8812,0.1283,0.159
126.56,-0.9027,0.1226,0.1575
126.82,-0.8638,0.1293,0.1587
126.92,-0.8096,0.1363,0.1607
126.96,-0.7763,0.1475,0.1579
127.02,-0.7454,0.1557,0.161
127.06,-0.774,0.1472,0.1601
127.16,-0.8279,0.1385,0.1566
127.22,-0.8547,0.1357,0.1553
127.3,-0.8297,0.136,0.1343
127.32,-0.7926,0.1389,0.1211
127.4,-0.6841,0.1462,0.0506
127.46,-0.7338,0.1386,0.0774
127.52,-0.7719,0.1362,0.0699
127.92,-0.7158,0.1429,0.097
127.96,-0.6621,0.1493,0.0976
128.06,-0.6912,0.147,0.1005
128.12,-0.713,0.1439,0.1005
128.32,-0.6333,0.1403,0.0386
128.42,-0.6841,0.1577,0.0243
129.1,-0.6221,0.1628,0.0599
129.16,-0.5724,0.1672,0.0592
129.22,-0.5107,0.1693,0.06
129.3,-0.4768,0.1697,0.0579
129.42,-0.4078,0.174,0.0611
129.56,-0.3727,0.1771,0.059
129.6,-0.3288,0.1783,0.0591
129.7,-0.2912,0.1803,0.0594
129.8,-0.2313,0.184,0.0594
129.9,-0.1832,0.1855,0.0583
130.0,-0.1306,0.1875,0.0583
130.1,-0.087,0.1939,0.0599
130.12,-0.0661,0.1936,0.0601
130.2,-0.0327,0.1953,0.059
130.22,-0.0113,0.1966,0.059
130.3,0.0167,0.1977,0.059
130.42,0.0446,0.2025,0.0587
130.52,-0.0028,0.1979,0.0575
131.04,0.0584,0.2035,0.0572
131.06,0.085,0.2058,0.0569
131.12,0.1263,0.208,0.0562
131.16,0.0892,0.2055,0.057
131.26,0.0456,0.2039,0.0586
131.32,0.025,0.2047,0.0574
131.42,0.0471,0.2021,0.0579
132.12,0.1144,0.1996,0.0221
132.96,0.143,0.1964,-0.025
133.0,0.2156,0.1962,-0.0249
133.06,0.1931,0.1945,-0.0212
133.2,0.1023,0.1982,-0.0205
133.3,0.1459,0.1959,-0.0219
133.52,0.1984,0.1951,-0.0222
133.56,0.2534,0.1931,-0.0243
133.72,0.2133,0.1936,-0.0204
